RowName,ZoneID,BiomeID,StreamingPriority,CheckpointID,EncounterProfile,EventProfile
Entry,00_ENTRY,BIO_ASHEN_FOREST,100,CP_ENTRY_00,ENC_Entry,EVT_Entry
RuinedPath,01_RUINED_PATH,BIO_ASHEN_FOREST,90,CP_RUINS_01,ENC_RuinedPath,EVT_Ruins
RootTunnel,02_ROOT_TUNNEL,BIO_ROOT_TUNNELS,80,CP_ROOT_02,ENC_RootTunnel,EVT_Root
WhisperClearing,03_WHISPER_CLEARING,BIO_ASHEN_FOREST,75,CP_WHISPER_03,ENC_WhisperClearing,EVT_Whisper
AetherShrine,04_AETHER_SHRINE,BIO_ASHEN_FOREST,95,CP_SHRINE_04,ENC_AetherShrine,EVT_Aether
BoneCrypt,05_BONE_CRYPT,BIO_ROOT_TUNNELS,85,CP_CRYPT_05,ENC_BoneCrypt,EVT_Crypt
BoneBeastArena,06_BONE_BEAST_ARENA,BIO_ASHEN_FOREST,100,CP_BOSS_06,ENC_BoneBeast,EVT_Boss
PostBossOverlook,07_POST_BOSS_OVERLOOK,BIO_ASHEN_FOREST,70,CP_POSTBOSS_07,ENC_PostBoss,EVT_PostBoss
DragonGate,08_DRAGON_GATE,BIO_ASHEN_FOREST,90,CP_DRAGON_08,ENC_DragonGate,EVT_DragonGate
